{
  "project_info": {
    "project_number": "321573228777",
    "project_id": "thefoodmemo-project",
    "storage_bucket": "thefoodmemo-project.appspot.com"
  },
  "client": [
    {
      "client_info": {
        "mobilesdk_app_id": "1:321573228777:android:81f640c8bc200e2e5f2078",
        "android_client_info": {
          "package_name": "eduucdenverbanutasneem.com.example.thefoodmemo"
        }
      },
      "oauth_client": [
        {
          "client_id": "321573228777-d1ubhhe5s7hodg7jqc8i9927atlr9bc6.apps.googleusercontent.com",
          "client_type": 3
        }
      ],
      "api_key": [
        {
          "current_key": "AIzaSyC4rmuxRWx84AJbe9cmvQ1u7sWiaUVsmoQ"
        }
      ],
      "services": {
        "appinvite_service": {
          "other_platform_oauth_client": [
            {
              "client_id": "321573228777-d1ubhhe5s7hodg7jqc8i9927atlr9bc6.apps.googleusercontent.com",
              "client_type": 3
            }
          ]
        }
      }
    }
  ],
  "configuration_version": "1"
}